101010100_2020-12-17,101010100,北京,2020-12-17,60,2,良,PM10,69,32,53,8,0.9,14,-9,3,晴,1,2,41,0.0,1025
101020100_2020-12-17,101020100,上海,2020-12-17,48,1,优,-,41,33,31,9,0.6,58,3,8,晴,2,7,54,0.0,1030
101030100_2020-12-17,101030100,天津,2020-12-17,108,3,轻度污染,PM2.5,93,81,60,20,1.2,26,-4,4,多云,1,3,38,0.0,1030
101040100_2020-12-17,101040100,重庆,2020-12-17,46,1,优,-,46,26,43,8,0.4,24,6,7,阴,2,7,48,0.0,995
101050101_2020-12-17,101050101,哈尔滨,2020-12-17,94,2,良,PM2.5,102,70,36,23,1.0,39,-20,-13,晴,3,12,65,0.0,1007
101050201_2020-12-17,101050201,齐齐哈尔,2020-12-17,69,2,良,PM10,88,46,18,9,0.7,45,-19,-7,晴,4,21,55,0.0,1002
101050301_2020-12-17,101050301,牡丹江,2020-12-17,67,2,良,PM2.5,69,48,34,27,0.6,42,-24,-10,晴,4,21,59,0.0,983
101050401_2020-12-17,101050401,佳木斯,2020-12-17,60,2,良,PM2.5,54,43,15,8,0.5,51,-19,-12,晴,3,18,57,0.0,1008
101050501_2020-12-17,101050501,绥化,2020-12-17,104,3,轻度污染,PM2.5,100,78,25,6,1.0,36,-22,-14,晴,2,9,71,0.0,998
101050601_2020-12-17,101050601,黑河,2020-12-17,40,1,优,-,40,16,10,9,0.4,44,-26,-14,多云,2,6,65,0.0,995
101050701_2020-12-17,101050701,大兴安岭,2020-12-17,22,1,优,-,22,10,8,6,0.6,43,-28,-14,晴,2,6,60,0.0,972
101050801_2020-12-17,101050801,伊春,2020-12-17,46,1,优,-,46,32,16,13,0.7,36,-23,-15,晴,5,31,65,0.0,985
101050901_2020-12-17,101050901,大庆,2020-12-17,55,2,良,PM10,60,35,21,12,0.5,40,-19,-8,晴,3,15,57,0.0,1002
101051002_2020-12-17,101051002,七台河,2020-12-17,57,2,良,PM10,64,27,24,14,0.8,56,-22,-13,晴,3,17,57,0.0,995
101051101_2020-12-17,101051101,鸡西,2020-12-17,52,2,良,PM10,53,24,20,7,0.3,52,-20,-11,晴,5,34,51,0.0,985
101051201_2020-12-17,101051201,鹤岗,2020-12-17,26,1,优,-,22,18,8,10,0.6,49,-23,-12,晴,3,18,59,0.0,994
101051301_2020-12-17,101051301,双鸭山,2020-12-17,49,1,优,-,49,31,9,10,0.4,56,-19,-12,晴,3,15,55,0.0,995
101060101_2020-12-17,101060101,长春,2020-12-17,75,2,良,PM2.5,86,55,37,28,1.1,35,-16,-10,晴,3,17,60,0.0,995
101060201_2020-12-17,101060201,吉林,2020-12-17,42,1,优,-,42,28,20,24,0.8,56,-16,-7,晴,3,12,47,0.0,988
101060306_2020-12-17,101060306,延边,2020-12-17,27,1,优,-,27,12,10,13,0.5,61,-17,-5,晴,4,25,39,0.0,991
101060401_2020-12-17,101060401,四平,2020-12-17,73,2,良,PM2.5,94,53,28,24,0.9,57,-17,-8,晴,4,21,60,0.0,1003
101060501_2020-12-17,101060501,通化,2020-12-17,93,2,良,PM2.5,106,69,42,66,1.2,22,-21,-6,晴,3,12,62,0.0,977
101060601_2020-12-17,101060601,白城,2020-12-17,48,1,优,-,48,22,6,6,0.4,48,-17,-4,晴,2,10,40,0.0,1003
101060701_2020-12-17,101060701,辽源,2020-12-17,82,2,良,PM2.5,98,60,22,33,1.0,54,-21,-6,晴,3,14,64,0.0,994
101060801_2020-12-17,101060801,松原,2020-12-17,54,2,良,PM10,58,32,18,8,0.7,40,-18,-11,晴,3,13,65,0.0,1005
101060901_2020-12-17,101060901,白山,2020-12-17,78,2,良,PM10,106,42,22,49,1.2,33,-24,-7,晴,2,9,68,0.0,961
101070101_2020-12-17,101070101,沈阳,2020-12-17,82,2,良,PM2.5,104,60,52,45,1.4,27,-18,-4,晴,3,12,55,0.0,1021
101070201_2020-12-17,101070201,大连,2020-12-17,63,2,良,PM10,76,44,41,18,1.0,43,-5,3,晴,5,34,49,0.0,1017
101070301_2020-12-17,101070301,鞍山,2020-12-17,69,2,良,PM10,87,46,38,42,1.9,38,-10,-1,晴,2,10,41,0.0,1018
101070401_2020-12-17,101070401,抚顺,2020-12-17,88,2,良,PM2.5,124,65,50,41,1.7,29,-20,-4,晴,3,19,64,0.0,1012
101070501_2020-12-17,101070501,本溪,2020-12-17,85,2,良,PM2.5,116,63,50,76,3.1,22,-16,-2,晴,1,5,54,0.0,1004
101070601_2020-12-17,101070601,丹东,2020-12-17,55,2,良,PM10,59,35,30,33,1.2,38,-14,-2,晴,3,13,59,0.0,1027
101070701_2020-12-17,101070701,锦州,2020-12-17,115,3,轻度污染,PM2.5,142,87,61,57,1.5,36,-12,0,晴,2,6,43,0.0,1019
101070801_2020-12-17,101070801,营口,2020-12-17,33,1,优,-,33,17,28,17,0.6,49,-10,0,晴,2,6,52,0.0,1027
101070901_2020-12-17,101070901,阜新,2020-12-17,58,2,良,PM10,66,18,12,19,0.5,66,-17,-4,晴,2,8,57,0.0,1006
101071001_2020-12-17,101071001,辽阳,2020-12-17,64,2,良,PM10,78,32,23,27,1.1,50,-15,-2,晴,3,12,50,0.0,1025
101071101_2020-12-17,101071101,铁岭,2020-12-17,68,2,良,PM10,85,41,27,27,1.2,47,-14,-4,晴,4,21,48,0.0,1017
101071201_2020-12-17,101071201,朝阳,2020-12-17,50,1,优,-,50,15,19,22,1.0,63,-13,0,晴,3,13,42,0.0,1005
101071301_2020-12-17,101071301,盘锦,2020-12-17,52,2,良,PM10,53,22,42,30,0.9,40,-11,-1,晴,1,3,52,0.0,1027
101071401_2020-12-17,101071401,葫芦岛,2020-12-17,109,3,轻度污染,PM10,167,73,71,204,1.4,41,-14,0,晴,2,9,52,0.0,1023
101080101_2020-12-17,101080101,呼和浩特,2020-12-17,85,2,良,PM2.5,110,63,42,30,1.5,22,-18,-7,晴,2,10,50,0.0,895
101080201_2020-12-17,101080201,包头,2020-12-17,159,4,中度污染,PM2.5,153,121,65,61,3.6,21,-19,-5,晴,2,7,63,0.0,912
101080301_2020-12-17,101080301,乌海,2020-12-17,35,1,优,-,35,18,13,9,0.4,77,-15,-2,晴,2,11,49,0.0,902
101080405_2020-12-17,101080405,乌兰察布,2020-12-17,53,2,良,PM2.5,51,37,39,38,1.0,27,-20,-7,晴,3,13,53,0.0,863
101080501_2020-12-17,101080501,通辽,2020-12-17,61,2,良,PM10,71,27,22,11,0.4,54,-18,-8,晴,2,9,56,0.0,1004
101080601_2020-12-17,101080601,赤峰,2020-12-17,112,3,轻度污染,PM2.5,114,84,25,29,1.2,55,-14,-4,晴,4,20,45,0.0,946
101080701_2020-12-17,101080701,鄂尔多斯,2020-12-17,26,1,优,-,26,10,12,8,0.6,74,-13,-6,多云,3,14,43,0.0,860
101080811_2020-12-17,101080811,巴彦淖尔,2020-12-17,59,2,良,PM2.5,65,42,13,10,0.4,62,-15,-4,晴,2,9,52,0.0,908
101080902_2020-12-17,101080902,锡林郭勒,2020-12-17,19,1,优,-,14,4,4,6,0.5,59,-24,-17,晴,3,19,72,0.0,908
101081013_2020-12-17,101081013,呼伦贝尔,2020-12-17,23,1,优,-,23,12,8,5,0.4,56,-23,-14,晴,5,30,70,0.0,942
101081108_2020-12-17,101081108,兴安盟,2020-12-17,19,1,优,-,11,9,9,8,0.4,60,-13,-5,晴,3,14,39,0.0,989
101081213_2020-12-17,101081213,阿拉善盟,2020-12-17,27,1,优,-,24,16,8,4,0.4,86,-11,-5,晴,2,6,39,0.0,851
101090101_2020-12-17,101090101,石家庄,2020-12-17,57,2,良,PM10,64,36,47,31,0.9,34,-7,5,晴,1,2,42,0.0,1018
101090201_2020-12-17,101090201,保定,2020-12-17,79,2,良,PM2.5,99,58,61,28,1.2,18,-11,4,晴,2,7,54,0.0,1028
101090301_2020-12-17,101090301,张家口,2020-12-17,41,1,优,-,41,19,22,24,0.8,55,-14,-1,晴,3,14,40,0.0,937
101090402_2020-12-17,101090402,承德,2020-12-17,91,2,良,PM10,132,35,45,31,2.2,25,-17,-1,晴,1,5,50,0.0,977
101090501_2020-12-17,101090501,唐山,2020-12-17,102,3,轻度污染,PM2.5,144,76,71,19,1.2,17,-13,3,晴,3,15,51,0.0,1026
101090601_2020-12-17,101090601,廊坊,2020-12-17,60,2,良,PM2.5,65,43,46,15,0.7,29,-8,5,晴,1,5,38,0.0,1029
101090701_2020-12-17,101090701,沧州,2020-12-17,117,3,轻度污染,PM2.5,142,88,55,33,1.8,30,-8,4,晴,2,7,47,0.0,1029
101090801_2020-12-17,101090801,衡水,2020-12-17,153,4,中度污染,PM2.5,161,117,65,45,2.1,26,-6,5,多云,2,10,48,0.0,1028
101090901_2020-12-17,101090901,邢台,2020-12-17,102,3,轻度污染,PM2.5,128,76,66,46,2.3,27,-7,4,多云,2,9,42,0.0,1007
101091001_2020-12-17,101091001,邯郸,2020-12-17,150,3,轻度污染,PM2.5,206,115,78,69,4.8,14,-7,5,多云,2,7,56,0.0,1022
101091101_2020-12-17,101091101,秦皇岛,2020-12-17,53,2,良,PM10,55,28,33,13,0.8,45,-10,2,晴,3,12,45,0.0,1028
101091201_2020-12-17,101091201,雄安新区,2020-12-17,88,2,良,PM2.5,104,65,65,27,1.2,14,-11,3,多云,1,5,53,0.0,1029
101100101_2020-12-17,101100101,太原,2020-12-17,78,2,良,-,106,57,57,44,1.5,23,-15,2,多云,3,15,53,0.0,937
101100201_2020-12-17,101100201,大同,2020-12-17,88,2,良,PM10,125,62,49,64,1.8,17,-21,-5,晴,2,11,57,0.0,905
101100301_2020-12-17,101100301,阳泉,2020-12-17,47,1,优,-,47,28,29,26,0.9,53,-9,2,多云,4,21,33,0.0,936
101100401_2020-12-17,101100401,晋中,2020-12-17,66,2,良,PM10,82,42,49,86,1.8,26,-14,1,多云,3,16,44,0.0,927
101100501_2020-12-17,101100501,长治,2020-12-17,72,2,良,PM2.5,90,52,55,39,1.4,32,-10,1,阴,3,17,38,0.0,905
101100601_2020-12-17,101100601,晋城,2020-12-17,75,2,良,PM2.5,82,55,39,38,1.6,36,-8,4,阴,2,7,36,0.0,939
101100701_2020-12-17,101100701,临汾,2020-12-17,92,2,良,PM2.5,110,68,48,28,1.6,18,-7,3,阴,2,6,41,0.0,976
101100801_2020-12-17,101100801,运城,2020-12-17,156,4,中度污染,PM2.5,185,119,55,41,2.7,20,-6,4,阴,2,7,48,0.0,985
101100901_2020-12-17,101100901,朔州,2020-12-17,101,3,轻度污染,PM10,152,56,42,36,0.8,34,-19,-1,多云,3,12,50,0.0,898
101101001_2020-12-17,101101001,忻州,2020-12-17,89,2,良,PM10,127,61,43,23,1.1,19,-14,-1,晴,2,9,46,0.0,926
101101100_2020-12-17,101101100,吕梁,2020-12-17,91,2,良,PM10,131,37,59,66,3.8,13,-13,0,阴,1,2,49,0.0,919
101110101_2020-12-17,101110101,西安,2020-12-17,153,4,中度污染,PM2.5,173,117,63,16,1.0,19,0,3,阴,2,8,54,0.0,983
101110200_2020-12-17,101110200,咸阳,2020-12-17,220,5,重度污染,PM2.5,230,170,63,13,1.2,12,-1,3,霾,3,14,61,0.0,975
101110300_2020-12-17,101110300,延安,2020-12-17,60,2,良,PM2.5,67,43,52,13,1.5,17,-11,0,阴,1,5,55,0.0,892
101110401_2020-12-17,101110401,榆林,2020-12-17,90,2,良,PM2.5,94,67,67,29,1.7,16,-16,-2,晴,3,17,50,0.0,930
101110501_2020-12-17,101110501,渭南,2020-12-17,142,3,轻度污染,PM2.5,190,108,75,23,1.5,9,-1,2,阴,2,7,60,0.0,955
101110601_2020-12-17,101110601,商洛,2020-12-17,60,2,良,PM2.5,64,43,26,14,0.5,54,0,4,阴,2,10,51,0.0,940
101110701_2020-12-17,101110701,安康,2020-12-17,59,2,良,PM10,68,40,29,19,0.7,37,3,8,阴,1,5,59,0.0,994
101110801_2020-12-17,101110801,汉中,2020-12-17,63,2,良,-,76,45,25,10,0.7,37,3,5,阴,1,4,80,0.0,968
101110901_2020-12-17,101110901,宝鸡,2020-12-17,168,4,中度污染,PM2.5,151,127,37,12,0.9,22,0,3,阴,1,3,72,0.2,958
101111001_2020-12-17,101111001,铜川,2020-12-17,104,3,轻度污染,PM2.5,152,78,60,47,1.1,26,-2,0,阴,2,8,54,0.0,944
101111101_2020-12-17,101111101,杨凌,2020-12-17,207,5,重度污染,PM2.5,211,157,46,31,1.3,23,-1,3,霾,3,14,62,0.0,974
101120101_2020-12-17,101120101,济南,2020-12-17,109,3,轻度污染,PM2.5,132,82,33,25,1.1,56,-4,5,多云,4,21,39,0.0,1009
101120201_2020-12-17,101120201,青岛,2020-12-17,75,2,良,PM2.5,98,55,48,22,0.9,45,-2,3,晴,3,15,44,0.0,1021
101120301_2020-12-17,101120301,淄博,2020-12-17,87,2,良,PM2.5,94,64,34,23,1.1,56,-8,6,多云,2,10,56,0.0,1026
101120401_2020-12-17,101120401,德州,2020-12-17,120,3,轻度污染,PM2.5,145,91,42,20,0.9,42,-9,5,晴,3,16,63,0.0,1027
101120501_2020-12-17,101120501,烟台,2020-12-17,63,2,良,PM10,75,40,28,21,0.6,55,-5,3,多云,4,26,47,0.0,1019
101120601_2020-12-17,101120601,潍坊,2020-12-17,95,2,良,PM2.5,116,71,44,26,0.9,43,-9,5,多云,1,2,49,0.0,1028
101120701_2020-12-17,101120701,济宁,2020-12-17,80,2,良,PM2.5,101,59,32,14,0.8,62,-5,5,多云,1,5,59,0.0,1026
101120801_2020-12-17,101120801,泰安,2020-12-17,135,3,轻度污染,PM2.5,203,103,56,32,1.6,31,-9,3,多云,3,13,64,0.0,1016
101120901_2020-12-17,101120901,临沂,2020-12-17,159,4,中度污染,PM2.5,232,121,70,40,1.4,41,-6,4,多云,3,17,42,0.0,1016
101121001_2020-12-17,101121001,菏泽,2020-12-17,105,3,轻度污染,PM2.5,135,79,31,12,0.6,66,-4,5,多云,3,15,56,0.0,1024
101121101_2020-12-17,101121101,滨州,2020-12-17,124,3,轻度污染,PM2.5,138,94,53,42,1.4,40,-10,4,多云,4,20,59,0.0,1028
101121201_2020-12-17,101121201,东营,2020-12-17,145,3,轻度污染,PM2.5,168,111,66,45,1.8,31,-7,4,多云,2,11,52,0.0,1030
101121301_2020-12-17,101121301,威海,2020-12-17,51,2,良,PM10,52,35,18,12,0.8,59,-2,3,多云,4,28,48,0.0,1021
101121401_2020-12-17,101121401,枣庄,2020-12-17,133,3,轻度污染,PM2.5,153,101,36,60,1.0,60,-6,4,多云,1,5,56,0.0,1022
101121501_2020-12-17,101121501,日照,2020-12-17,97,2,良,PM2.5,122,72,45,24,0.9,44,-3,4,阴,2,10,31,0.0,1023
101121601_2020-12-17,101121601,莱芜,2020-12-17,158,4,中度污染,PM2.5,198,120,48,44,1.9,39,-7,3,多云,2,7,54,0.0,1002
101121701_2020-12-17,101121701,聊城,2020-12-17,125,3,轻度污染,PM2.5,147,95,42,16,0.8,47,-7,5,多云,2,9,65,0.0,1026
101130101_2020-12-17,101130101,乌鲁木齐,2020-12-17,223,5,重度污染,PM2.5,188,173,84,7,3.0,18,-18,-8,霾,3,12,67,0.0,923
101130201_2020-12-17,101130201,克拉玛依,2020-12-17,109,3,轻度污染,PM2.5,106,82,61,8,1.1,17,-23,-19,霾,1,5,76,0.0,985
101130301_2020-12-17,101130301,石河子,2020-12-17,264,5,重度污染,PM2.5,333,214,74,16,3.0,10,-22,-17,晴,1,3,79,0.0,986
101130401_2020-12-17,101130401,昌吉,2020-12-17,248,5,重度污染,PM2.5,330,198,82,6,3.3,12,-19,-14,霾,1,5,79,0.0,968
101130501_2020-12-17,101130501,吐鲁番,2020-12-17,122,3,轻度污染,PM10,194,90,42,17,2.0,26,-12,-5,晴,1,5,60,0.0,1036
101130609_2020-12-17,101130609,巴音郭楞,2020-12-17,80,2,良,PM2.5,107,59,28,5,1.0,25,-9,-5,阴,4,20,74,0.0,923
101130701_2020-12-17,101130701,阿拉尔,2020-12-17,74,2,良,PM10,97,48,38,10,1.0,33,-5,0,晴,1,4,69,0.0,914
101130801_2020-12-17,101130801,阿克苏,2020-12-17,73,2,良,PM10,96,43,36,11,0.8,34,-5,-1,晴,1,4,71,0.0,902
101130901_2020-12-17,101130901,喀什,2020-12-17,63,2,良,PM2.5,65,45,28,4,0.8,36,-4,-1,晴,2,7,78,0.0,881
101131012_2020-12-17,101131012,伊犁,2020-12-17,202,5,重度污染,PM2.5,177,152,52,15,2.3,22,-12,-8,晴,1,4,82,0.0,955
101131101_2020-12-17,101131101,塔城,2020-12-17,15,1,优,-,18,10,8,2,0.7,28,-20,-11,晴,1,3,73,0.0,972
101131201_2020-12-17,101131201,哈密,2020-12-17,69,2,良,PM10,88,34,25,90,0.7,38,-18,-4,晴,1,5,48,0.0,946
101131301_2020-12-17,101131301,和田,2020-12-17,77,2,良,PM2.5,97,56,32,8,1.8,40,-6,0,晴,1,4,64,0.0,872
101131401_2020-12-17,101131401,阿勒泰,2020-12-17,26,1,优,-,13,18,30,2,0.7,5,-22,-13,晴,0,1,68,0.0,948
101131505_2020-12-17,101131505,克州,2020-12-17,0,1,优,-,62,36,16,5,0.8,1,-5,-1,阵雪,1,3,87,0.6,884
101131604_2020-12-17,101131604,博尔塔拉,2020-12-17,68,2,良,PM2.5,83,49,44,16,1.1,23,-26,-16,晴,1,4,76,0.0,975
101131701_2020-12-17,101131701,图木舒克,2020-12-17,62,2,良,PM10,73,36,28,10,0.9,27,-4,0,阴,1,5,83,0.6,901
101131801_2020-12-17,101131801,五家渠,2020-12-17,484,6,严重污染,PM10,584,393,95,4,4.5,6,-18,-8,霾,3,12,67,0.0,923
101131901_2020-12-17,101131901,铁门关,2020-12-17,84,2,良,PM2.5,107,62,37,3,0.9,26,-13,-4,阴,1,3,75,0.0,927
101131920_2020-12-17,101131920,昆玉,2020-12-17,53,2,良,PM10,55,26,22,8,0.7,46,-8,1,晴,1,4,66,0.0,884
101132101_2020-12-17,101132101,北屯,2020-12-17,63,2,良,PM2.5,54,45,33,3,0.9,11,-22,-13,晴,0,1,68,0.0,948
101132201_2020-12-17,101132201,双河,2020-12-17,84,2,良,PM2.5,96,62,48,11,1.2,18,-22,-13,晴,0,1,68,0.0,948
101132301_2020-12-17,101132301,可克达拉,2020-12-17,165,4,中度污染,PM2.5,151,125,48,16,1.9,22,-25,-9,晴,3,12,85,0.0,960
101140101_2020-12-17,101140101,拉萨,2020-12-17,25,1,优,-,25,10,13,4,0.7,64,-4,9,晴,2,9,13,0.0,646
101140201_2020-12-17,101140201,日喀则,2020-12-17,35,1,优,-,35,22,9,3,0.8,63,-12,7,晴,2,7,12,0.0,632
101140301_2020-12-17,101140301,山南,2020-12-17,21,1,优,-,21,8,25,6,0.6,58,-4,9,晴,3,19,23,0.0,655
101140401_2020-12-17,101140401,林芝,2020-12-17,22,1,优,-,19,10,9,7,0.6,68,1,7,阴,3,14,48,0.0,706
101140501_2020-12-17,101140501,昌都,2020-12-17,54,2,良,PM10,57,31,14,10,1.0,70,-6,9,多云,2,7,27,0.0,673
101140601_2020-12-17,101140601,那曲,2020-12-17,110,3,轻度污染,PM2.5,146,83,12,6,1.6,61,-19,-1,晴,2,11,19,0.0,598
101140701_2020-12-17,101140701,阿里,2020-12-17,28,1,优,-,12,8,6,7,0.5,88,-13,-5,晴,4,26,8,0.0,586
101150101_2020-12-17,101150101,西宁,2020-12-17,0,1,优,-,10,15,31,35,1.0,18,-12,-7,阴,2,10,70,0.0,760
101150207_2020-12-17,101150207,海东,2020-12-17,77,2,良,PM2.5,79,56,26,29,1.1,40,-11,-6,阴,2,10,65,0.1,790
101150305_2020-12-17,101150305,黄南,2020-12-17,84,2,良,PM2.5,80,62,23,22,0.7,65,-10,-7,阴,3,12,61,0.0,755
101150402_2020-12-17,101150402,海南,2020-12-17,0,1,优,-,52,43,16,24,0.1,73,-12,-7,阴,3,16,61,0.0,719
101150507_2020-12-17,101150507,果洛,2020-12-17,65,2,良,PM2.5,76,47,31,46,0.8,28,-11,0,阴,0,1,50,0.0,639
101150601_2020-12-17,101150601,玉树,2020-12-17,0,1,优,-,97,49,33,100,1.4,10,-14,3,多云,3,19,29,0.0,639
101150702_2020-12-17,101150702,海西,2020-12-17,23,1,优,-,23,6,26,17,0.6,72,-15,-7,阴,1,5,56,0.5,705
101150804_2020-12-17,101150804,海北,2020-12-17,60,2,良,PM10,69,40,21,54,0.8,80,-18,-11,阴,2,9,73,0.0,704
101160101_2020-12-17,101160101,兰州,2020-12-17,50,1,优,-,50,28,39,21,0.8,56,-5,-1,阴,1,5,43,0.0,855
101160201_2020-12-17,101160201,定西,2020-12-17,33,1,优,-,33,18,8,11,0.4,68,-10,-6,阴,1,3,79,1.2,803
101160301_2020-12-17,101160301,平凉,2020-12-17,55,2,良,PM10,60,18,12,8,0.4,76,-6,-2,阴,3,16,59,0.0,860
101160401_2020-12-17,101160401,庆阳,2020-12-17,53,2,良,PM10,56,22,13,12,0.8,60,-5,-2,阴,2,10,61,0.3,865
101160501_2020-12-17,101160501,武威,2020-12-17,79,2,良,PM2.5,91,58,22,22,0.8,61,-14,-3,多云,2,8,55,0.0,855
101160601_2020-12-17,101160601,金昌,2020-12-17,37,1,优,-,37,20,7,23,0.4,81,-12,-3,阴,2,7,50,0.0,857
101160701_2020-12-17,101160701,张掖,2020-12-17,62,2,良,PM2.5,46,44,40,21,0.9,38,-17,-4,阴,2,7,58,0.0,863
101160801_2020-12-17,101160801,酒泉,2020-12-17,32,1,优,-,32,16,31,14,0.6,62,-15,-2,晴,1,5,53,0.0,861
101160901_2020-12-17,101160901,天水,2020-12-17,73,2,良,PM2.5,74,53,34,14,0.6,50,-2,0,阴,1,5,74,0.5,894
101161010_2020-12-17,101161010,陇南,2020-12-17,30,1,优,-,24,21,22,10,0.5,47,1,3,阴,2,6,59,0.0,901
101161101_2020-12-17,101161101,临夏,2020-12-17,67,2,良,PM2.5,40,48,18,10,0.5,68,-8,-5,阴,1,4,76,0.6,812
101161209_2020-12-17,101161209,甘南,2020-12-17,67,2,良,PM2.5,82,48,19,5,0.8,57,-13,-8,阴,2,10,73,0.5,713
101161301_2020-12-17,101161301,白银,2020-12-17,58,2,良,PM2.5,46,41,28,32,0.6,58,-8,-3,阴,1,4,47,0.0,832
101161401_2020-12-17,101161401,嘉峪关,2020-12-17,22,1,优,-,18,8,19,21,0.4,70,-17,-4,阴,2,6,45,0.0,849
101170101_2020-12-17,101170101,银川,2020-12-17,98,2,良,PM2.5,131,73,57,35,1.5,32,-12,-1,晴,2,9,51,0.0,901
101170201_2020-12-17,101170201,石嘴山,2020-12-17,129,3,轻度污染,PM2.5,131,98,45,46,1.8,34,-15,-2,多云,1,4,47,0.0,898
101170301_2020-12-17,101170301,吴忠,2020-12-17,58,2,良,PM10,66,24,25,26,0.6,55,-10,0,多云,2,10,41,0.0,898
101170401_2020-12-17,101170401,固原,2020-12-17,30,1,优,-,30,15,17,8,0.5,68,-10,-6,阴,2,8,57,0.0,821
101170501_2020-12-17,101170501,中卫,2020-12-17,32,1,优,-,20,22,18,5,0.2,78,-10,-2,多云,2,9,45,0.0,888
101180101_2020-12-17,101180101,郑州,2020-12-17,139,3,轻度污染,PM2.5,171,106,66,20,1.4,16,-4,6,多云,1,3,56,0.0,1016
101180201_2020-12-17,101180201,安阳,2020-12-17,173,4,中度污染,PM2.5,203,131,65,20,1.9,19,-4,5,阴,2,8,52,0.0,1005
101180301_2020-12-17,101180301,新乡,2020-12-17,129,3,轻度污染,PM2.5,159,98,57,23,1.5,16,-6,4,阴,2,10,68,0.0,1021
101180401_2020-12-17,101180401,许昌,2020-12-17,150,3,轻度污染,PM2.5,124,115,49,17,1.1,26,-6,5,多云,3,15,67,0.0,1023
101180501_2020-12-17,101180501,平顶山,2020-12-17,140,3,轻度污染,PM2.5,167,107,58,20,1.3,31,-1,6,多云,2,8,53,0.0,1013
101180601_2020-12-17,101180601,信阳,2020-12-17,73,2,良,PM2.5,81,53,37,13,0.7,42,1,5,多云,2,7,43,0.0,1017
101180701_2020-12-17,101180701,南阳,2020-12-17,90,2,良,PM2.5,93,67,29,14,0.8,52,2,6,多云,2,10,46,0.0,1008
101180801_2020-12-17,101180801,开封,2020-12-17,130,3,轻度污染,PM2.5,140,99,45,16,0.8,36,-2,5,阴,3,13,50,0.0,1022
101180901_2020-12-17,101180901,洛阳,2020-12-17,114,3,轻度污染,PM2.5,128,86,46,13,1.1,24,-2,5,阴,2,8,41,0.0,990
101181001_2020-12-17,101181001,商丘,2020-12-17,105,3,轻度污染,PM2.5,84,79,36,10,0.7,56,-8,4,多云,2,11,63,0.0,1025
101181101_2020-12-17,101181101,焦作,2020-12-17,143,3,轻度污染,PM2.5,173,109,60,28,2.2,19,-4,4,阴,2,6,55,0.0,1016
101181201_2020-12-17,101181201,鹤壁,2020-12-17,149,3,轻度污染,PM2.5,145,114,51,27,1.5,24,-6,3,霾,3,18,71,0.0,1020
101181301_2020-12-17,101181301,濮阳,2020-12-17,107,3,轻度污染,PM2.5,113,80,32,12,0.7,49,-7,4,阴,3,14,63,0.0,1024
101181401_2020-12-17,101181401,周口,2020-12-17,103,3,轻度污染,PM2.5,102,77,35,21,1.0,42,0,5,多云,2,7,41,0.0,1026
101181501_2020-12-17,101181501,漯河,2020-12-17,117,3,轻度污染,PM2.5,131,88,41,14,0.8,39,-3,6,多云,2,9,53,0.0,1024
101181601_2020-12-17,101181601,驻马店,2020-12-17,77,2,良,PM2.5,71,56,27,16,0.7,50,0,5,多云,2,6,56,0.0,1017
101181701_2020-12-17,101181701,三门峡,2020-12-17,124,3,轻度污染,PM2.5,120,94,52,18,1.3,14,-2,3,阴,4,21,40,0.0,962
101181801_2020-12-17,101181801,济源,2020-12-17,103,3,轻度污染,PM2.5,119,77,52,28,0.9,16,-5,7,阴,3,12,55,0.0,1013
101190101_2020-12-17,101190101,南京,2020-12-17,55,2,良,PM10,59,30,25,12,0.7,59,-1,6,多云,2,9,45,0.0,1027
101190201_2020-12-17,101190201,无锡,2020-12-17,53,2,良,PM10,56,28,28,11,0.7,57,-1,8,晴,1,5,61,0.0,1030
101190301_2020-12-17,101190301,镇江,2020-12-17,53,2,良,PM10,56,30,22,8,0.5,58,-5,5,晴,3,17,61,0.0,1029
101190401_2020-12-17,101190401,苏州,2020-12-17,43,1,优,-,34,30,35,6,0.7,49,1,8,晴,2,11,58,0.0,1030
101190501_2020-12-17,101190501,南通,2020-12-17,59,2,良,PM2.5,50,42,16,7,0.7,70,-2,8,晴,3,16,58,0.0,1031
101190601_2020-12-17,101190601,扬州,2020-12-17,55,2,良,PM10,60,38,27,15,0.7,55,-6,6,晴,3,13,62,0.0,1031
101190701_2020-12-17,101190701,盐城,2020-12-17,68,2,良,PM10,86,46,30,13,0.8,58,-7,5,晴,1,4,66,0.0,1031
101190801_2020-12-17,101190801,徐州,2020-12-17,99,2,良,PM2.5,119,74,42,21,0.9,48,-7,4,多云,1,5,53,0.0,1027
101190901_2020-12-17,101190901,淮安,2020-12-17,70,2,良,PM10,89,48,29,19,0.6,51,-6,5,晴,1,4,60,0.0,1030
101191001_2020-12-17,101191001,连云港,2020-12-17,117,3,轻度污染,PM2.5,117,88,45,35,0.9,48,-7,5,多云,3,14,55,0.0,1031
101191101_2020-12-17,101191101,常州,2020-12-17,50,1,优,-,50,31,36,13,0.9,50,-3,7,晴,3,12,59,0.0,1030
101191201_2020-12-17,101191201,泰州,2020-12-17,53,2,良,PM10,56,32,16,11,0.5,65,-7,6,晴,2,9,71,0.0,1031
101191301_2020-12-17,101191301,宿迁,2020-12-17,109,3,轻度污染,PM2.5,108,82,46,18,0.6,37,-6,6,多云,1,5,61,0.0,1029
101200101_2020-12-17,101200101,武汉,2020-12-17,89,2,良,PM2.5,88,66,59,18,1.1,15,3,6,多云,1,2,61,0.0,1027
101200201_2020-12-17,101200201,襄阳,2020-12-17,83,2,良,PM2.5,94,61,46,14,0.9,29,3,5,多云,2,8,54,0.0,1010
101200301_2020-12-17,101200301,鄂州,2020-12-17,94,2,良,PM2.5,117,70,49,24,0.9,17,3,6,多云,3,14,68,0.0,1026
101200401_2020-12-17,101200401,孝感,2020-12-17,62,2,良,PM10,74,42,26,6,0.4,39,3,6,多云,2,6,50,0.0,1027
101200501_2020-12-17,101200501,黄冈,2020-12-17,69,2,良,PM2.5,83,50,36,22,0.6,22,3,6,多云,1,4,64,0.0,1026
101200601_2020-12-17,101200601,黄石,2020-12-17,88,2,良,PM2.5,121,65,55,47,1.2,22,3,6,多云,1,5,65,0.0,1025
101200701_2020-12-17,101200701,咸宁,2020-12-17,63,2,良,PM2.5,54,45,31,19,1.1,39,3,6,多云,3,12,63,0.0,1017
101200801_2020-12-17,101200801,荆州,2020-12-17,76,2,良,PM10,101,46,46,23,0.8,19,3,6,多云,1,5,65,0.0,1026
101200901_2020-12-17,101200901,宜昌,2020-12-17,82,2,良,PM2.5,97,60,40,10,1.0,7,3,5,多云,1,5,66,0.0,998
101201001_2020-12-17,101201001,恩施,2020-12-17,65,2,良,PM10,80,20,44,9,0.6,10,4,6,多云,1,5,60,0.0,973
101201101_2020-12-17,101201101,十堰,2020-12-17,88,2,良,PM2.5,119,65,41,11,0.7,44,3,7,多云,1,4,53,0.0,995
101201201_2020-12-17,101201201,神农架,2020-12-17,74,2,良,PM10,98,53,40,11,0.8,37,0,2,多云,1,4,59,0.0,917
101201301_2020-12-17,101201301,随州,2020-12-17,65,2,良,PM2.5,73,47,27,12,0.6,57,2,6,多云,2,11,48,0.0,1017
101201401_2020-12-17,101201401,荆门,2020-12-17,94,2,良,PM2.5,103,70,38,20,0.8,43,3,5,多云,3,17,43,0.0,1006
101201501_2020-12-17,101201501,天门,2020-12-17,69,2,良,PM2.5,86,50,33,10,0.6,34,3,5,多云,3,14,52,0.0,1026
101201601_2020-12-17,101201601,仙桃,2020-12-17,66,2,良,PM10,82,45,39,10,0.6,26,3,5,多云,2,11,64,0.0,1027
101201701_2020-12-17,101201701,潜江,2020-12-17,73,2,良,PM2.5,91,53,31,12,0.7,30,3,5,多云,2,11,58,0.0,1026
101210101_2020-12-17,101210101,杭州,2020-12-17,69,2,良,PM2.5,79,50,40,11,0.7,49,3,7,多云,3,12,50,0.1,1025
101210201_2020-12-17,101210201,湖州,2020-12-17,43,1,优,-,43,27,28,8,0.5,58,2,7,多云,2,10,57,0.0,1030
101210301_2020-12-17,101210301,嘉兴,2020-12-17,44,1,优,-,44,24,31,8,0.6,57,3,8,多云,2,8,56,0.0,1029
101210401_2020-12-17,101210401,宁波,2020-12-17,34,1,优,-,34,20,29,9,0.6,55,4,8,阴,3,14,59,0.0,1029
101210507_2020-12-17,101210507,绍兴,2020-12-17,55,2,良,-,60,39,29,12,0.7,57,3,7,多云,3,18,59,0.0,1030
101210601_2020-12-17,101210601,台州,2020-12-17,55,2,良,PM10,60,36,28,7,0.6,45,5,9,阴,2,11,56,0.1,1028
101210701_2020-12-17,101210701,温州,2020-12-17,61,2,良,PM10,72,40,43,10,0.4,29,6,9,阴,1,2,65,0.4,1024
101210801_2020-12-17,101210801,丽水,2020-12-17,62,2,良,PM2.5,69,44,35,11,0.9,33,4,7,阴,1,2,65,0.8,1022
101210901_2020-12-17,101210901,金华,2020-12-17,127,3,轻度污染,PM2.5,94,96,46,13,0.8,30,4,7,阴,3,16,55,0.3,1022
101211001_2020-12-17,101211001,衢州,2020-12-17,74,2,良,PM2.5,96,54,44,11,1.2,36,3,6,阴,4,28,58,1.2,1019
101211101_2020-12-17,101211101,舟山,2020-12-17,28,1,优,-,28,11,12,6,0.6,65,5,9,阴,3,17,63,0.0,1025
101220101_2020-12-17,101220101,合肥,2020-12-17,95,2,良,PM2.5,81,71,49,20,1.1,37,-1,6,多云,2,7,49,0.0,1024
101220201_2020-12-17,101220201,蚌埠,2020-12-17,85,2,良,PM2.5,111,63,42,22,0.7,60,-7,5,阴,3,17,55,0.0,1028
101220301_2020-12-17,101220301,芜湖,2020-12-17,97,2,良,PM2.5,78,72,40,20,0.9,46,0,6,多云,3,15,50,0.0,1029
101220401_2020-12-17,101220401,淮南,2020-12-17,105,3,轻度污染,PM2.5,120,79,38,14,0.7,52,-4,5,阴,3,16,50,0.0,1022
101220501_2020-12-17,101220501,马鞍山,2020-12-17,59,2,良,PM2.5,56,42,38,15,0.6,49,0,6,多云,3,18,44,0.0,1021
101220601_2020-12-17,101220601,安庆,2020-12-17,102,3,轻度污染,PM2.5,95,76,43,18,1.1,42,2,6,多云,3,18,51,0.0,1022
101220701_2020-12-17,101220701,宿州,2020-12-17,113,3,轻度污染,PM2.5,130,85,35,28,0.6,61,-7,5,多云,3,13,63,0.0,1028
101220801_2020-12-17,101220801,阜阳,2020-12-17,98,2,良,PM2.5,105,73,37,14,0.7,49,-2,6,阴,3,14,46,0.0,1027
101220901_2020-12-17,101220901,亳州,2020-12-17,85,2,良,PM2.5,116,63,42,16,0.6,48,-4,5,阴,2,8,49,0.0,1026
101221001_2020-12-17,101221001,黄山,2020-12-17,70,2,良,PM2.5,68,51,33,10,0.7,74,3,8,晴,2,9,52,0.0,1011
101221101_2020-12-17,101221101,滁州,2020-12-17,79,2,良,PM2.5,106,58,69,22,1.4,40,-6,5,多云,3,12,63,0.0,1027
101221201_2020-12-17,101221201,淮北,2020-12-17,98,2,良,PM2.5,138,73,40,19,0.6,52,-5,5,多云,2,9,62,0.0,1027
101221301_2020-12-17,101221301,铜陵,2020-12-17,93,2,良,PM2.5,109,69,37,15,1.0,43,3,6,多云,3,17,51,0.0,1028
101221401_2020-12-17,101221401,宣城,2020-12-17,89,2,良,PM2.5,60,66,30,14,0.7,75,3,7,多云,3,12,52,0.0,1026
101221501_2020-12-17,101221501,六安,2020-12-17,78,2,良,PM2.5,100,57,34,10,1.0,58,1,6,多云,3,17,49,0.0,1021
101221701_2020-12-17,101221701,池州,2020-12-17,107,3,轻度污染,PM2.5,118,80,46,17,1.0,42,3,6,多云,3,19,46,0.0,1027
101230101_2020-12-17,101230101,福州,2020-12-17,26,1,优,-,26,13,30,4,0.5,44,6,9,阴,2,9,86,0.6,1015
101230201_2020-12-17,101230201,厦门,2020-12-17,21,1,优,-,21,14,16,3,0.4,65,11,13,晴,4,27,70,0.0,1006
101230301_2020-12-17,101230301,宁德,2020-12-17,32,1,优,-,32,21,34,3,0.6,30,6,10,阴,1,3,85,4.2,1023
101230401_2020-12-17,101230401,莆田,2020-12-17,31,1,优,-,31,16,16,4,0.4,61,9,12,多云,3,18,67,0.0,1014
101230501_2020-12-17,101230501,泉州,2020-12-17,29,1,优,-,29,16,14,3,0.4,57,9,12,多云,4,25,71,0.0,1010
101230601_2020-12-17,101230601,漳州,2020-12-17,36,1,优,-,36,15,24,4,0.3,40,12,14,多云,2,9,73,0.0,1019
101230701_2020-12-17,101230701,龙岩,2020-12-17,20,1,优,-,20,9,15,6,0.6,24,7,10,阴,3,13,85,0.9,978
101230801_2020-12-17,101230801,三明,2020-12-17,18,1,优,-,17,12,15,3,0.6,28,5,8,阴,3,13,92,3.1,1000
101230901_2020-12-17,101230901,南平,2020-12-17,17,1,优,-,17,11,10,5,0.4,51,5,6,阴,2,10,90,5.2,1008
101231001_2020-12-17,101231001,钓鱼岛,2020-12-17,36,1,优,-,36,15,19,3,0.5,63,8,21,多云,5,35,83,11.3,1021
101240101_2020-12-17,101240101,南昌,2020-12-17,73,2,良,PM10,95,50,43,20,0.8,28,4,6,阴,2,8,54,0.0,1022
101240201_2020-12-17,101240201,九江,2020-12-17,90,2,良,PM2.5,86,67,45,18,0.9,34,3,5,阴,3,14,49,0.0,1021
101240301_2020-12-17,101240301,上饶,2020-12-17,63,2,良,-,76,45,43,18,0.8,33,4,6,阴,4,21,57,1.3,1013
101240401_2020-12-17,101240401,抚州,2020-12-17,53,2,良,PM10,55,28,26,12,0.6,29,4,6,阴,2,8,73,0.1,1018
101240501_2020-12-17,101240501,宜春,2020-12-17,64,2,良,PM10,78,41,43,29,0.8,20,4,5,阴,2,6,60,0.0,1012
101240601_2020-12-17,101240601,吉安,2020-12-17,60,2,良,PM10,70,35,41,26,0.7,17,4,5,阴,0,0,74,0.6,1019
101240701_2020-12-17,101240701,赣州,2020-12-17,50,1,优,-,50,30,28,9,1.0,22,3,4,阴,1,5,89,1.4,1010
101240801_2020-12-17,101240801,景德镇,2020-12-17,52,2,良,PM10,54,34,20,12,0.6,37,4,8,阴,2,7,53,0.0,1020
101240901_2020-12-17,101240901,萍乡,2020-12-17,62,2,良,PM10,74,41,36,28,0.8,25,4,5,阴,2,10,63,0.0,1014
101241001_2020-12-17,101241001,新余,2020-12-17,64,2,良,PM10,77,39,40,36,0.6,21,3,5,阴,2,10,58,0.0,1004
101241101_2020-12-17,101241101,鹰潭,2020-12-17,59,2,良,PM2.5,56,42,50,26,0.7,23,5,7,多云,4,20,61,0.8,1020
101250101_2020-12-17,101250101,长沙,2020-12-17,75,2,良,PM2.5,70,55,41,9,1.0,9,3,5,阴,3,12,69,0.0,1025
101250201_2020-12-17,101250201,湘潭,2020-12-17,73,2,良,PM2.5,74,53,42,8,1.0,12,3,5,阴,3,13,87,0.0,1021
101250301_2020-12-17,101250301,株洲,2020-12-17,68,2,良,PM2.5,79,49,50,12,0.8,10,4,5,阴,2,7,71,0.0,1019
101250401_2020-12-17,101250401,衡阳,2020-12-17,73,2,良,PM2.5,81,53,37,16,0.9,14,3,5,阴,2,6,67,0.0,1015
101250501_2020-12-17,101250501,郴州,2020-12-17,63,2,良,PM2.5,60,45,36,8,0.7,12,1,2,阴,3,12,99,2.0,982
101250601_2020-12-17,101250601,常德,2020-12-17,99,2,良,PM2.5,80,74,40,17,0.8,19,3,6,阴,2,8,56,0.0,1011
101250700_2020-12-17,101250700,益阳,2020-12-17,83,2,良,PM2.5,82,61,35,16,1.2,23,3,6,阴,2,8,58,0.0,1023
101250801_2020-12-17,101250801,娄底,2020-12-17,65,2,良,PM10,80,41,41,15,0.9,23,3,5,阴,0,1,64,0.0,1003
101250901_2020-12-17,101250901,邵阳,2020-12-17,63,2,良,PM2.5,64,45,27,21,0.8,33,2,4,阴,2,7,64,0.0,990
101251001_2020-12-17,101251001,岳阳,2020-12-17,70,2,良,PM2.5,86,51,44,17,0.8,21,3,6,阴,2,10,61,0.0,1022
101251101_2020-12-17,101251101,张家界,2020-12-17,76,2,良,PM10,102,49,35,4,0.6,37,3,5,阴,1,4,52,0.0,1002
101251201_2020-12-17,101251201,怀化,2020-12-17,70,2,良,PM10,90,45,20,12,0.6,47,3,4,阴,1,5,54,0.0,997
101251401_2020-12-17,101251401,永州,2020-12-17,64,2,良,PM2.5,70,46,36,14,0.7,32,3,4,阴,2,7,75,0.0,1007
101251509_2020-12-17,101251509,湘西,2020-12-17,68,2,良,PM10,86,37,30,12,0.7,30,3,5,阴,3,12,60,0.0,998
101260101_2020-12-17,101260101,贵阳,2020-12-17,51,2,良,PM10,51,32,16,16,0.5,51,-4,0,中雪,2,11,92,0.3,883
101260201_2020-12-17,101260201,遵义,2020-12-17,51,2,良,PM10,51,23,26,20,0.6,43,-1,0,阴,1,3,75,0.0,911
101260301_2020-12-17,101260301,安顺,2020-12-17,46,1,优,-,34,32,18,30,0.7,31,-2,0,阴,1,2,91,0.2,860
101260413_2020-12-17,101260413,黔南,2020-12-17,52,2,良,PM10,54,23,14,7,0.5,53,-4,0,阴,0,0,85,0.0,913
101260506_2020-12-17,101260506,黔东南,2020-12-17,57,2,良,-,64,40,34,28,0.6,41,-1,1,阴,2,7,65,0.0,941
101260601_2020-12-17,101260601,铜仁,2020-12-17,67,2,良,PM10,84,47,24,7,0.9,46,3,5,阴,1,3,44,0.1,985
101260701_2020-12-17,101260701,毕节,2020-12-17,33,1,优,-,33,18,24,10,0.6,20,-1,1,阴,2,7,89,0.4,852
101260803_2020-12-17,101260803,六盘水,2020-12-17,14,1,优,-,14,6,10,10,0.9,27,-2,0,阴,1,2,92,0.9,819
101260906_2020-12-17,101260906,黔西南,2020-12-17,26,1,优,-,26,14,20,4,0.8,18,2,3,阴,2,7,96,1.2,873
101270101_2020-12-17,101270101,成都,2020-12-17,45,1,优,-,40,31,32,4,0.5,26,3,4,阴,3,18,93,1.9,967
101270201_2020-12-17,101270201,攀枝花,2020-12-17,103,3,轻度污染,PM2.5,133,77,88,94,5.8,21,9,24,晴,1,4,44,0.0,872
101270301_2020-12-17,101270301,自贡,2020-12-17,75,2,良,PM2.5,78,55,33,5,0.5,23,4,6,阴,2,6,94,3.1,983
101270401_2020-12-17,101270401,绵阳,2020-12-17,35,1,优,-,35,24,17,4,0.4,51,3,5,阴,2,7,70,0.6,964
101270501_2020-12-17,101270501,南充,2020-12-17,57,2,良,PM2.5,51,40,25,5,0.7,34,4,7,阴,2,9,88,0.0,985
101270601_2020-12-17,101270601,达州,2020-12-17,71,2,良,PM10,92,47,50,27,0.6,35,5,8,阴,2,7,64,0.0,985
101270701_2020-12-17,101270701,遂宁,2020-12-17,43,1,优,-,42,30,18,9,0.4,16,4,7,阴,2,8,88,0.0,984
101270801_2020-12-17,101270801,广安,2020-12-17,60,2,良,PM2.5,62,43,26,5,0.8,14,5,7,多云,1,3,72,0.0,981
101270901_2020-12-17,101270901,巴中,2020-12-17,51,2,良,PM10,52,29,32,4,0.8,11,3,6,阴,1,5,65,0.0,960
101271001_2020-12-17,101271001,泸州,2020-12-17,39,1,优,-,23,27,28,7,0.5,18,4,6,阴,3,12,93,3.3,982
101271101_2020-12-17,101271101,宜宾,2020-12-17,26,1,优,-,24,18,28,8,0.6,8,3,5,阴,3,15,100,7.1,966
101271201_2020-12-17,101271201,内江,2020-12-17,73,2,良,PM2.5,62,53,27,5,0.6,22,5,6,阴,2,7,89,0.4,984
101271301_2020-12-17,101271301,资阳,2020-12-17,62,2,良,PM2.5,66,44,22,4,0.6,28,3,5,阴,2,10,95,2.9,997
101271401_2020-12-17,101271401,乐山,2020-12-17,26,1,优,-,22,18,27,3,0.6,9,4,5,阴,2,6,100,1.4,976
101271501_2020-12-17,101271501,眉山,2020-12-17,23,1,优,-,22,16,25,6,0.6,17,3,4,阴,2,7,94,3.2,975
101271601_2020-12-17,101271601,凉山,2020-12-17,55,2,良,PM10,60,35,26,14,0.8,43,3,18,多云,1,5,56,0.0,835
101271701_2020-12-17,101271701,雅安,2020-12-17,40,1,优,-,32,28,23,5,0.4,32,3,4,小雨,1,5,93,1.8,953
101271801_2020-12-17,101271801,甘孜,2020-12-17,21,1,优,-,21,9,19,7,0.6,34,-6,8,晴,3,13,28,0.0,665
101271901_2020-12-17,101271901,阿坝,2020-12-17,43,1,优,-,35,30,18,10,0.6,30,-8,2,多云,2,9,57,0.0,675
101272001_2020-12-17,101272001,德阳,2020-12-17,38,1,优,-,38,26,22,3,0.5,44,3,5,阴,2,11,77,0.8,964
101272101_2020-12-17,101272101,广元,2020-12-17,53,2,良,PM10,56,32,25,3,0.4,43,1,6,阴,2,9,73,0.0,962
101280101_2020-12-17,101280101,广州,2020-12-17,29,1,优,-,29,18,24,6,0.8,19,8,11,多云,4,20,69,0.0,1019
101280201_2020-12-17,101280201,韶关,2020-12-17,29,1,优,-,27,20,14,4,0.6,30,4,7,多云,3,14,82,0.4,1011
101280301_2020-12-17,101280301,惠州,2020-12-17,30,1,优,-,30,16,14,8,0.7,20,7,13,晴,3,14,68,0.0,1010
101280401_2020-12-17,101280401,梅州,2020-12-17,18,1,优,-,18,12,16,4,0.8,8,6,10,多云,2,6,83,0.0,1010
101280501_2020-12-17,101280501,汕头,2020-12-17,43,1,优,-,43,16,20,12,0.7,39,12,18,晴,2,9,67,0.0,1021
101280601_2020-12-17,101280601,深圳,2020-12-17,47,1,优,-,47,23,26,6,0.8,16,10,14,晴,3,13,67,0.0,1014
101280701_2020-12-17,101280701,珠海,2020-12-17,53,2,良,PM10,56,31,32,8,0.9,17,10,14,多云,3,12,69,0.0,1015
101280800_2020-12-17,101280800,佛山,2020-12-17,35,1,优,-,35,17,24,7,0.7,15,8,10,阴,3,17,72,0.0,1020
101280901_2020-12-17,101280901,肇庆,2020-12-17,24,1,优,-,24,15,23,3,0.7,20,8,11,阴,3,18,73,0.0,1016
101281001_2020-12-17,101281001,湛江,2020-12-17,35,1,优,-,35,24,16,13,0.8,24,9,14,多云,3,13,77,0.0,1014
101281101_2020-12-17,101281101,江门,2020-12-17,49,1,优,-,49,31,33,6,0.9,19,9,11,多云,3,14,69,0.0,1018
101281201_2020-12-17,101281201,河源,2020-12-17,24,1,优,-,24,11,16,7,0.8,18,6,10,阴,1,5,70,0.0,1016
101281301_2020-12-17,101281301,清远,2020-12-17,18,1,优,-,16,12,14,7,0.7,27,6,10,阴,4,21,75,0.0,1014
101281401_2020-12-17,101281401,云浮,2020-12-17,20,1,优,-,20,14,15,10,0.7,20,7,10,阴,2,6,76,0.0,1011
101281501_2020-12-17,101281501,潮州,2020-12-17,18,1,优,-,18,8,11,8,0.7,21,10,18,晴,3,13,75,0.0,1014
101281601_2020-12-17,101281601,东莞,2020-12-17,36,1,优,-,34,25,24,11,0.8,20,9,13,阴,3,12,73,0.0,1016
101281701_2020-12-17,101281701,中山,2020-12-17,43,1,优,-,42,30,33,5,0.7,12,9,12,阴,3,17,68,0.0,1018
101281801_2020-12-17,101281801,阳江,2020-12-17,54,2,良,PM2.5,44,38,20,6,0.8,27,10,14,阴,4,28,74,0.0,1010
101281901_2020-12-17,101281901,揭阳,2020-12-17,46,1,优,-,46,17,18,12,0.8,26,10,17,晴,2,8,70,0.0,1016
101282001_2020-12-17,101282001,茂名,2020-12-17,42,1,优,-,42,25,18,23,0.9,25,10,14,多云,3,12,73,0.0,1017
101282101_2020-12-17,101282101,汕尾,2020-12-17,28,1,优,-,28,10,11,9,0.7,37,11,18,晴,2,10,67,0.0,1019
101290101_2020-12-17,101290101,昆明,2020-12-17,34,1,优,-,34,17,15,10,0.6,66,10,19,晴,3,15,59,0.0,809
101290201_2020-12-17,101290201,大理,2020-12-17,28,1,优,-,12,10,4,8,0.9,88,12,18,晴,5,37,31,0.0,799
101290301_2020-12-17,101290301,红河,2020-12-17,18,1,优,-,17,12,4,6,0.6,47,9,15,多云,4,27,80,0.0,908
101290401_2020-12-17,101290401,曲靖,2020-12-17,66,2,良,PM10,82,43,28,14,1.8,22,3,20,多云,2,8,68,0.0,808
101290501_2020-12-17,101290501,保山,2020-12-17,30,1,优,-,30,20,7,6,0.5,85,8,19,晴,5,30,54,0.0,834
101290601_2020-12-17,101290601,文山,2020-12-17,26,1,优,-,26,10,8,6,0.8,18,7,12,阴,2,8,88,0.0,872
101290701_2020-12-17,101290701,玉溪,2020-12-17,21,1,优,-,19,14,9,6,0.7,66,11,19,晴,3,13,68,0.0,827
101290801_2020-12-17,101290801,楚雄,2020-12-17,56,2,良,PM10,62,28,8,6,0.5,74,10,20,晴,4,26,55,0.0,816
101290901_2020-12-17,101290901,普洱,2020-12-17,48,1,优,-,48,20,18,4,0.6,56,13,24,多云,2,10,81,0.0,870
101291001_2020-12-17,101291001,昭通,2020-12-17,33,1,优,-,33,21,20,10,0.9,20,-1,0,阴,2,9,89,0.0,805
101291101_2020-12-17,101291101,临沧,2020-12-17,72,2,良,PM10,94,29,39,12,1.0,31,8,21,晴,1,5,67,0.0,836
101291201_2020-12-17,101291201,怒江,2020-12-17,56,2,良,PM10,62,27,17,11,0.8,37,9,22,晴,2,7,58,0.0,906
101291305_2020-12-17,101291305,迪庆,2020-12-17,42,1,优,-,29,29,5,6,0.8,87,-5,7,多云,5,35,40,0.0,677
101291401_2020-12-17,101291401,丽江,2020-12-17,37,1,优,-,37,22,8,6,0.7,82,2,16,多云,4,28,34,0.0,762
101291501_2020-12-17,101291501,德宏,2020-12-17,69,2,良,PM10,87,44,34,8,0.9,27,11,23,晴,1,2,74,0.0,912
101291602_2020-12-17,101291602,西双版纳,2020-12-17,69,2,良,PM10,87,45,34,9,0.8,28,16,27,多云,2,6,82,0.0,946
101300101_2020-12-17,101300101,南宁,2020-12-17,26,1,优,-,26,17,24,4,0.8,25,4,7,阴,2,10,90,1.2,1001
101300201_2020-12-17,101300201,崇左,2020-12-17,20,1,优,-,20,6,10,8,0.6,28,6,9,阴,3,16,87,0.2,1001
101300301_2020-12-17,101300301,柳州,2020-12-17,54,2,良,PM2.5,42,38,20,15,1.1,29,2,3,阴,4,22,99,2.3,989
101300401_2020-12-17,101300401,来宾,2020-12-17,38,1,优,-,29,26,14,5,0.8,32,4,5,阴,2,7,91,0.1,1014
101300501_2020-12-17,101300501,桂林,2020-12-17,64,2,良,PM2.5,55,46,21,12,0.9,38,3,5,阴,2,9,75,0.1,1007
101300601_2020-12-17,101300601,梧州,2020-12-17,38,1,优,-,38,26,19,11,1.0,14,4,7,阴,3,13,91,0.4,1010
101300701_2020-12-17,101300701,贺州,2020-12-17,35,1,优,-,30,24,17,6,0.7,22,3,5,阴,3,13,93,0.8,1008
101300801_2020-12-17,101300801,贵港,2020-12-17,30,1,优,-,28,21,18,9,0.9,25,5,6,阴,3,17,84,0.2,1018
101300901_2020-12-17,101300901,玉林,2020-12-17,18,1,优,-,18,10,11,4,0.7,25,6,7,阴,3,16,90,0.1,1009
101301001_2020-12-17,101301001,百色,2020-12-17,37,1,优,-,37,22,19,14,0.8,24,7,9,阴,2,6,78,0.0,1004
101301101_2020-12-17,101301101,钦州,2020-12-17,24,1,优,-,24,13,16,8,0.7,35,5,8,阴,4,21,93,0.0,1017
101301201_2020-12-17,101301201,河池,2020-12-17,27,1,优,-,27,17,10,10,0.5,50,3,6,阴,1,3,75,0.0,995
101301301_2020-12-17,101301301,北海,2020-12-17,25,1,优,-,21,17,12,6,1.0,27,7,10,阴,3,19,87,0.3,1021
101301401_2020-12-17,101301401,防城港,2020-12-17,21,1,优,-,21,8,15,7,0.6,31,6,8,阴,6,39,87,0.0,1016
101310101_2020-12-17,101310101,海口,2020-12-17,29,1,优,-,27,20,21,9,0.7,23,12,16,阴,3,14,93,0.8,1012
101310201_2020-12-17,101310201,三亚,2020-12-17,23,1,优,-,14,8,7,4,0.5,73,20,25,晴,5,34,65,0.0,1017
101310202_2020-12-17,101310202,东方,2020-12-17,17,1,优,-,16,6,10,5,0.7,52,15,21,多云,5,29,80,0.0,1017
101310203_2020-12-17,101310203,临高,2020-12-17,21,1,优,-,21,14,15,8,0.8,30,13,16,阴,2,8,89,0.1,1016
101310204_2020-12-17,101310204,澄迈,2020-12-17,22,1,优,-,22,14,17,7,0.7,26,13,15,阴,2,11,95,0.3,1016
101310205_2020-12-17,101310205,儋州,2020-12-17,19,1,优,-,19,11,13,7,0.7,38,12,14,阴,1,5,94,0.8,1000
101310206_2020-12-17,101310206,昌江,2020-12-17,17,1,优,-,17,8,11,6,0.7,48,16,19,多云,4,23,75,0.0,1006
101310207_2020-12-17,101310207,白沙,2020-12-17,17,1,优,-,17,9,12,6,0.7,46,13,16,阴,3,12,90,0.0,994
101310208_2020-12-17,101310208,琼中,2020-12-17,16,1,优,-,16,10,13,5,0.6,48,13,16,阴,1,2,96,1.2,984
101310209_2020-12-17,101310209,定安,2020-12-17,25,1,优,-,22,17,20,6,0.7,27,14,16,小雨,2,8,96,0.3,1013
101310210_2020-12-17,101310210,屯昌,2020-12-17,19,1,优,-,19,13,16,5,0.7,36,13,16,小雨,1,4,95,1.4,1006
101310211_2020-12-17,101310211,琼海,2020-12-17,22,1,优,-,19,15,18,4,0.7,39,15,17,阴,3,14,94,0.6,1016
101310212_2020-12-17,101310212,文昌,2020-12-17,28,1,优,-,24,19,22,4,0.8,34,16,17,阴,2,6,93,1.1,1016
101310214_2020-12-17,101310214,保亭,2020-12-17,20,1,优,-,13,8,10,4,0.6,61,16,24,多云,3,16,73,0.0,1009
101310215_2020-12-17,101310215,万宁,2020-12-17,20,1,优,-,15,14,15,3,0.7,50,16,18,多云,3,18,85,0.0,1013
101310216_2020-12-17,101310216,陵水,2020-12-17,19,1,优,-,11,11,11,2,0.6,60,18,21,多云,5,34,75,0.0,1013
101310221_2020-12-17,101310221,乐东,2020-12-17,19,1,优,-,16,6,9,5,0.6,59,16,24,多云,5,32,72,0.0,999
101310222_2020-12-17,101310222,五指山,2020-12-17,19,1,优,-,15,7,10,5,0.6,58,15,22,多云,2,7,78,0.0,979
101310301_2020-12-17,101310301,三沙,2020-12-17,23,1,优,-,19,16,15,2,0.7,62,16,27,多云,5,31,83,1.8,1013
101320101_2020-12-17,101320101,香港,2020-12-17,44,1,优,-,44,23,25,5,0.9,15,10,22,阴,2,8,58,0.0,1022
101330101_2020-12-17,101330101,澳门,2020-12-17,52,2,良,PM10,53,24,31,8,0.8,19,11,14,阴,4,28,70,0.0,1022
101340101_2020-12-17,101340101,台北,2020-12-17,41,1,优,-,41,19,21,3,0.5,62,9,20,阴,4,28,78,5.2,1021
101340102_2020-12-17,101340102,桃园,2020-12-17,41,1,优,-,41,20,21,3,0.5,62,9,19,阴,6,47,77,2.2,1021
101340201_2020-12-17,101340201,高雄,2020-12-17,46,1,优,-,46,19,19,5,0.5,68,8,26,阴,2,11,67,0.0,1018
101340203_2020-12-17,101340203,台南,2020-12-17,46,1,优,-,46,20,19,5,0.5,68,8,25,阴,3,13,69,0.0,1018
101340204_2020-12-17,101340204,台东,2020-12-17,44,1,优,-,44,18,19,4,0.5,69,8,23,阴,6,41,61,0.0,1020
101340401_2020-12-17,101340401,台中,2020-12-17,44,1,优,-,44,20,20,4,0.5,66,9,26,晴,4,23,72,0.0,1018
101340402_2020-12-17,101340402,苗栗,2020-12-17,43,1,优,-,43,20,20,4,0.5,65,9,18,阴,5,37,77,0.0,1018
101340404_2020-12-17,101340404,南投,2020-12-17,44,1,优,-,44,20,20,4,0.5,67,9,18,晴,5,32,86,0.0,1018
101340406_2020-12-17,101340406,云林,2020-12-17,45,1,优,-,45,20,19,4,0.5,67,9,25,晴,2,10,63,0.0,1018
